filename,width,height,class,xmin,ymin,xmax,ymax
dry-skin_116_jpeg.rf.046d39485562f83c2aa63dbcf3b8e75b.jpg,640,640,dry-skin,0,4,640,640
burned-skin_48_jpeg.rf.11be1793fa174b5c5f26ab89fe94c7a5.jpg,640,640,burned-skin,53,2,640,636
dry-skin_32_jpeg.rf.046d7291c96326bc4cd3f00db6721665.jpg,640,640,dry-skin,235,0,378,315
dry-skin_32_jpeg.rf.046d7291c96326bc4cd3f00db6721665.jpg,640,640,dry-skin,212,320,305,627
dry-skin_32_jpeg.rf.046d7291c96326bc4cd3f00db6721665.jpg,640,640,dry-skin,559,198,615,322
dry-skin_61_jpeg.rf.0b37a64e98840cd9519d3994c60f796d.jpg,640,640,dry-skin,64,4,587,638
dry-skin_63_jpeg.rf.024c2776701ef1867b00a74640b05c11.jpg,640,640,dry-skin,262,161,374,455
dry-skin_19_jpeg.rf.0df8f92ea2a923314633d98d9604e247.jpg,640,640,dry-skin,116,277,298,499
burned-skin_18_jpeg.rf.1081f842db17f646170fa63d0c96087e.jpg,640,640,burned-skin,103,422,207,532
burned-skin_18_jpeg.rf.1081f842db17f646170fa63d0c96087e.jpg,640,640,burned-skin,242,420,370,454
burned-skin_18_jpeg.rf.1081f842db17f646170fa63d0c96087e.jpg,640,640,burned-skin,237,507,381,541
burned-skin_18_jpeg.rf.1081f842db17f646170fa63d0c96087e.jpg,640,640,burned-skin,227,459,304,498
burned-skin_18_jpeg.rf.1081f842db17f646170fa63d0c96087e.jpg,640,640,burned-skin,318,458,431,504
burned-skin_18_jpeg.rf.1081f842db17f646170fa63d0c96087e.jpg,640,640,burned-skin,423,431,605,528
burned-skin_18_jpeg.rf.1081f842db17f646170fa63d0c96087e.jpg,640,640,burned-skin,504,575,620,636
acne-prone-skin_155_jpeg.rf.07e9bae361577693aebd6e032d462e88.jpg,640,640,oily-skin,29,176,598,425
burned-skin_35_jpeg.rf.0b4e984cf9276051f88434f6d91cd0c9.jpg,640,640,burned-skin,101,260,311,447
burned-skin_35_jpeg.rf.0b4e984cf9276051f88434f6d91cd0c9.jpg,640,640,burned-skin,244,159,383,291
burned-skin_35_jpeg.rf.0b4e984cf9276051f88434f6d91cd0c9.jpg,640,640,burned-skin,271,75,367,158
acne-prone-skin_10_jpeg.rf.14f0c8870fb6532236daebe12a5929b6.jpg,640,640,acne-prone-skin,152,11,336,510
acne-prone-skin_10_jpeg.rf.14f0c8870fb6532236daebe12a5929b6.jpg,640,640,oily-skin,256,165,377,257
dry-skin_63_jpeg.rf.0a58fa86d629f3ea5148bd0aada00a05.jpg,640,640,dry-skin,186,262,480,374
acne-prone-skin_189_jpeg.rf.13b95926cd07a88eacb3edde904e59e0.jpg,640,640,acne-prone-skin,4,3,107,400
burned-skin_64_jpeg.rf.17874e6dbc67b44dae8c6a0ef03c3f00.jpg,640,640,burned-skin,215,122,412,540
dry-skin_10_jpeg.rf.186e9e08dc151f3d9c01eadcbcaee297.jpg,640,640,dry-skin,0,0,640,640
acne-prone-skin_134_jpeg.rf.188a33e47947ce4e1b4eb68289546d4d.jpg,640,640,acne-prone-skin,196,10,405,443
oily-skin_125_jpeg.rf.188c9edd5de7a3177c82bc51b2f9ae82.jpg,640,640,oily-skin,158,9,298,227
oily-skin_125_jpeg.rf.188c9edd5de7a3177c82bc51b2f9ae82.jpg,640,640,oily-skin,306,293,529,599
oily-skin_125_jpeg.rf.188c9edd5de7a3177c82bc51b2f9ae82.jpg,640,640,oily-skin,0,369,116,633
burned-skin_64_jpeg.rf.18afd72fe40d262e0ec1bd8e911d7e57.jpg,640,640,burned-skin,122,228,540,425
burned-skin_72_jpeg.rf.1922b38e78da3efc4b279903802c34df.jpg,640,640,burned-skin,205,51,361,271
burned-skin_72_jpeg.rf.1922b38e78da3efc4b279903802c34df.jpg,640,640,burned-skin,264,303,501,640
burned-skin_42_jpeg.rf.19a5b6de2e9d1ae1bd3a82463d15cb52.jpg,640,640,burned-skin,321,120,449,436
burned-skin_73_jpeg.rf.1d8090e0c9e3e4158647612e835449f9.jpg,640,640,burned-skin,39,16,594,468
burned-skin_38_jpeg.rf.1d6bd57c56de4a2f498a342c17800884.jpg,640,640,burned-skin,221,85,439,277
acne-prone-skin_116_jpeg.rf.1f73f2679e9bf0e5cccb732202835d86.jpg,640,640,acne-prone-skin,19,237,413,640
burned-skin_14_jpeg.rf.1f4d6a598414d0ba5baffd6650ef492c.jpg,640,640,burned-skin,9,0,607,603
burned-skin_25_jpeg.rf.2101218215fcbf82b7ec4177a2cd874a.jpg,640,640,burned-skin,452,181,594,634
burned-skin_25_jpeg.rf.2101218215fcbf82b7ec4177a2cd874a.jpg,640,640,burned-skin,172,211,228,322
burned-skin_21_jpeg.rf.23ccf3df88adbaec2a6d05a8cd6e46f7.jpg,640,640,burned-skin,190,121,376,387
burned-skin_21_jpeg.rf.23ccf3df88adbaec2a6d05a8cd6e46f7.jpg,640,640,burned-skin,450,187,509,239
acne-prone-skin_165_jpeg.rf.26d7e27f7dd7559dc5c837b6a99dd317.jpg,640,640,acne-prone-skin,246,92,383,127
acne-prone-skin_165_jpeg.rf.26d7e27f7dd7559dc5c837b6a99dd317.jpg,640,640,acne-prone-skin,418,118,483,200
acne-prone-skin_165_jpeg.rf.26d7e27f7dd7559dc5c837b6a99dd317.jpg,640,640,acne-prone-skin,70,101,137,239
acne-prone-skin_165_jpeg.rf.26d7e27f7dd7559dc5c837b6a99dd317.jpg,640,640,acne-prone-skin,206,203,429,321
acne-prone-skin_165_jpeg.rf.26d7e27f7dd7559dc5c837b6a99dd317.jpg,640,640,acne-prone-skin,431,228,472,241
burned-skin_3_jpeg.rf.2ebd14d728d85642c625850ad7ef4be7.jpg,640,640,burned-skin,60,0,537,625
oily-skin_6_jpeg.rf.25b9bc0cead53d4e1d3633db66cf2289.jpg,640,640,oily-skin,274,316,453,384
oily-skin_6_jpeg.rf.25b9bc0cead53d4e1d3633db66cf2289.jpg,640,640,oily-skin,172,208,397,250
oily-skin_6_jpeg.rf.25b9bc0cead53d4e1d3633db66cf2289.jpg,640,640,oily-skin,183,297,227,386
burned-skin_58_jpeg.rf.2b2d7508b7c463a98c6e4b011ee3afce.jpg,640,640,burned-skin,243,273,366,505
burned-skin_46_jpeg.rf.2b41da933a37016499ad18f427b0dfed.jpg,640,640,burned-skin,2,196,351,272
burned-skin_46_jpeg.rf.2b41da933a37016499ad18f427b0dfed.jpg,640,640,burned-skin,41,258,191,294
acne-prone-skin_11_jpeg.rf.31b9971cdc6213971dd0c63487cb320f.jpg,640,640,acne-prone-skin,239,36,407,314
dry-skin_15_jpeg.rf.351c41b86d8d3391f3e4c78738bef04a.jpg,640,640,dry-skin,439,6,524,112
dry-skin_15_jpeg.rf.351c41b86d8d3391f3e4c78738bef04a.jpg,640,640,dry-skin,233,141,411,588
burned-skin_10_jpeg.rf.3476b62285c2ca1f981530cc6995db2f.jpg,640,640,burned-skin,125,181,467,588
acne-prone-skin_11_jpeg.rf.33708af2a3e4be241bc972d8ba81aca6.jpg,640,640,acne-prone-skin,36,233,314,401
burned-skin_55_png.rf.36967d5e956e5df33f12370e2d028a75.jpg,640,640,burned-skin,169,106,365,241
burned-skin_42_jpeg.rf.363aa7c7df547b2a0ca498584e269d91.jpg,640,640,burned-skin,321,205,449,521
oily-skin_197_jpeg.rf.312ca0348b46585b2782e02f1ff3433b.jpg,640,640,oily-skin,26,500,268,640
oily-skin_197_jpeg.rf.312ca0348b46585b2782e02f1ff3433b.jpg,640,640,acne-prone-skin,50,371,364,484
oily-skin_197_jpeg.rf.312ca0348b46585b2782e02f1ff3433b.jpg,640,640,acne-prone-skin,244,495,476,587
oily-skin_197_jpeg.rf.312ca0348b46585b2782e02f1ff3433b.jpg,640,640,acne-prone-skin,16,3,559,327
oily-skin_197_jpeg.rf.3ae649164c44a8b2ed6d8bc8bde77092.jpg,640,640,oily-skin,0,26,140,268
oily-skin_197_jpeg.rf.3ae649164c44a8b2ed6d8bc8bde77092.jpg,640,640,acne-prone-skin,157,50,269,364
oily-skin_197_jpeg.rf.3ae649164c44a8b2ed6d8bc8bde77092.jpg,640,640,acne-prone-skin,53,243,145,476
oily-skin_197_jpeg.rf.3ae649164c44a8b2ed6d8bc8bde77092.jpg,640,640,acne-prone-skin,314,16,638,559
burned-skin_82_jpeg.rf.3b18dbf750c1fe120773958bda52f2e7.jpg,640,640,burned-skin,72,161,241,419
burned-skin_82_jpeg.rf.3b18dbf750c1fe120773958bda52f2e7.jpg,640,640,burned-skin,296,130,449,481
burned-skin_82_jpeg.rf.3b18dbf750c1fe120773958bda52f2e7.jpg,640,640,burned-skin,487,255,631,477
dry-skin_15_jpeg.rf.3b12e03a9bdb39f05c5d6c24034c46ce.jpg,640,640,dry-skin,6,116,112,201
dry-skin_15_jpeg.rf.3b12e03a9bdb39f05c5d6c24034c46ce.jpg,640,640,dry-skin,141,229,588,407
dry-skin_13_jpeg.rf.3e13ccdc001abf4c43eefc9f63afa71d.jpg,640,640,dry-skin,0,0,640,640
dry-skin_63_jpeg.rf.3bce56d5b48094d4ef9d9814c2f39271.jpg,640,640,dry-skin,160,262,455,374
acne-prone-skin_120_jpeg.rf.3ea879ce4a7502f6b2096c8f6610c26b.jpg,640,640,acne-prone-skin,125,18,369,234
acne-prone-skin_120_jpeg.rf.3ea879ce4a7502f6b2096c8f6610c26b.jpg,640,640,acne-prone-skin,184,245,328,307
acne-prone-skin_3_jpeg.rf.3f1b5be1a61f30fb542d824f0febdec5.jpg,640,640,acne-prone-skin,73,166,439,320
burned-skin_14_jpeg.rf.3f435904fc20950fb8a278d4a0301970.jpg,640,640,burned-skin,33,0,631,603
burned-skin_61_jpeg.rf.3e8c63bba975d6156e140943da67787b.jpg,640,640,burned-skin,130,35,550,640
acne-prone-skin_116_jpeg.rf.410fa8ead4534d0194ae09bf02daec27.jpg,640,640,acne-prone-skin,227,237,621,640
oily-skin_6_jpeg.rf.4164d7580dac9883f8b99850ed1afec8.jpg,640,640,oily-skin,256,275,324,453
oily-skin_6_jpeg.rf.4164d7580dac9883f8b99850ed1afec8.jpg,640,640,oily-skin,390,172,432,397
oily-skin_6_jpeg.rf.4164d7580dac9883f8b99850ed1afec8.jpg,640,640,oily-skin,254,183,343,227
dry-skin_25_jpeg.rf.4358fb45ac41cdb1c44366fef5e67c7e.jpg,640,640,dry-skin,0,0,640,640
burned-skin_73_jpeg.rf.451cf535721451bf7a532ae8c98b9b57.jpg,640,640,burned-skin,16,46,468,601
acne-prone-skin_148_jpeg.rf.4792889bda735d1f0604eecf959e6ec9.jpg,640,640,acne-prone-skin,372,349,452,483
acne-prone-skin_148_jpeg.rf.4792889bda735d1f0604eecf959e6ec9.jpg,640,640,acne-prone-skin,327,190,383,274
dry-skin_100_jpeg.rf.47386ce3f0ff89fcabbfa1d8b74c704e.jpg,640,640,dry-skin,141,160,483,510
acne-prone-skin_123_png.rf.491317cb530ae83c3dcdf5ab27203e37.jpg,640,640,acne-prone-skin,298,259,348,395
acne-prone-skin_123_png.rf.491317cb530ae83c3dcdf5ab27203e37.jpg,640,640,acne-prone-skin,211,202,247,305
acne-prone-skin_123_png.rf.491317cb530ae83c3dcdf5ab27203e37.jpg,640,640,acne-prone-skin,248,69,385,167
acne-prone-skin_123_png.rf.491317cb530ae83c3dcdf5ab27203e37.jpg,640,640,acne-prone-skin,244,342,296,411
acne-prone-skin_184_jpeg.rf.4a4d63b7136dacc1e5825e74b1c43d34.jpg,640,640,acne-prone-skin,309,169,468,222
acne-prone-skin_184_jpeg.rf.4a4d63b7136dacc1e5825e74b1c43d34.jpg,640,640,oily-skin,254,245,396,340
burned-skin_32_jpeg.rf.49b7d84965b4747a6681a58d4ef818eb.jpg,640,640,burned-skin,190,199,281,528
acne-prone-skin_198_jpeg.rf.4d2cec8138e183187cfea1dbc25a7590.jpg,640,640,acne-prone-skin,109,355,419,614
acne-prone-skin_198_jpeg.rf.4d2cec8138e183187cfea1dbc25a7590.jpg,640,640,acne-prone-skin,417,469,485,608
acne-prone-skin_198_jpeg.rf.4d2cec8138e183187cfea1dbc25a7590.jpg,640,640,acne-prone-skin,137,75,428,325
acne-prone-skin_198_jpeg.rf.4d2cec8138e183187cfea1dbc25a7590.jpg,640,640,acne-prone-skin,459,116,539,207
acne-prone-skin_198_jpeg.rf.4d2cec8138e183187cfea1dbc25a7590.jpg,640,640,acne-prone-skin,455,314,512,350
acne-prone-skin_115_jpeg.rf.4e0cabf46a4b97f21cc08da1e73e1ff1.jpg,640,640,acne-prone-skin,203,51,457,378
burned-skin_62_jpeg.rf.4aa2b3d7cc4dc8f3d9f58d3c585d7106.jpg,640,640,burned-skin,19,58,462,298
dry-skin_13_jpeg.rf.4f47d5ceed9823513adba89f920abe99.jpg,640,640,dry-skin,0,0,640,640
dry-skin_32_jpeg.rf.4e330b784097f271e61252dc27a62a02.jpg,640,640,dry-skin,236,1,378,315
dry-skin_32_jpeg.rf.4e330b784097f271e61252dc27a62a02.jpg,640,640,dry-skin,212,320,305,627
dry-skin_32_jpeg.rf.4e330b784097f271e61252dc27a62a02.jpg,640,640,dry-skin,559,198,615,322
acne-prone-skin_134_jpeg.rf.537b2987d47a05ec8fb699d1ac3277c0.jpg,640,640,acne-prone-skin,196,10,405,443
oily-skin_4_jpeg.rf.53f1186d9351a9e9cdadac2d405b586f.jpg,640,640,oily-skin,195,90,405,578
oily-skin_4_jpeg.rf.53f1186d9351a9e9cdadac2d405b586f.jpg,640,640,oily-skin,564,34,632,604
oily-skin_4_jpeg.rf.53f1186d9351a9e9cdadac2d405b586f.jpg,640,640,oily-skin,410,276,554,391
oily-skin_4_jpeg.rf.53f1186d9351a9e9cdadac2d405b586f.jpg,640,640,oily-skin,0,131,118,235
oily-skin_4_jpeg.rf.53f1186d9351a9e9cdadac2d405b586f.jpg,640,640,oily-skin,0,253,70,460
oily-skin_4_jpeg.rf.4d7dd32a936db56e70f147727f086660.jpg,640,640,oily-skin,90,236,578,446
oily-skin_4_jpeg.rf.4d7dd32a936db56e70f147727f086660.jpg,640,640,oily-skin,34,8,604,76
oily-skin_4_jpeg.rf.4d7dd32a936db56e70f147727f086660.jpg,640,640,oily-skin,276,86,391,230
oily-skin_4_jpeg.rf.4d7dd32a936db56e70f147727f086660.jpg,640,640,oily-skin,131,522,235,640
oily-skin_4_jpeg.rf.4d7dd32a936db56e70f147727f086660.jpg,640,640,oily-skin,253,570,460,640
acne-prone-skin_12_jpeg.rf.54dc3bd7da53beba8af44a1813f1ea96.jpg,640,640,acne-prone-skin,335,232,438,382
acne-prone-skin_120_jpeg.rf.555c1d573e3793e84985c2cdd023095b.jpg,640,640,acne-prone-skin,407,271,623,515
acne-prone-skin_120_jpeg.rf.555c1d573e3793e84985c2cdd023095b.jpg,640,640,acne-prone-skin,333,313,395,457
acne-prone-skin_155_jpeg.rf.5619fb9c495ed524b13f9d3e7379c899.jpg,640,640,oily-skin,215,42,464,611
burned-skin_62_jpeg.rf.59cbc209762e79b5a617fe0372f9f2db.jpg,640,640,burned-skin,178,58,621,298
burned-skin_4_jpeg.rf.56397782693b77ddbd63ffa08da1e404.jpg,640,640,burned-skin,247,134,396,584
burned-skin_10_jpeg.rf.5b9b485c130b53d6cacba3a809523201.jpg,640,640,burned-skin,124,181,467,588
burned-skin_43_png.rf.5ca20b3c7e2e0cad9945f6943f2f0de4.jpg,640,640,burned-skin,97,15,155,133
burned-skin_43_png.rf.5ca20b3c7e2e0cad9945f6943f2f0de4.jpg,640,640,burned-skin,165,71,239,225
burned-skin_43_png.rf.5ca20b3c7e2e0cad9945f6943f2f0de4.jpg,640,640,burned-skin,25,187,163,291
burned-skin_43_png.rf.5ca20b3c7e2e0cad9945f6943f2f0de4.jpg,640,640,burned-skin,23,362,97,505
burned-skin_43_png.rf.5ca20b3c7e2e0cad9945f6943f2f0de4.jpg,640,640,burned-skin,109,334,181,402
burned-skin_43_png.rf.5ca20b3c7e2e0cad9945f6943f2f0de4.jpg,640,640,burned-skin,73,502,235,598
burned-skin_43_png.rf.5ca20b3c7e2e0cad9945f6943f2f0de4.jpg,640,640,burned-skin,361,317,541,603
burned-skin_43_png.rf.5ca20b3c7e2e0cad9945f6943f2f0de4.jpg,640,640,burned-skin,555,516,608,604
burned-skin_43_png.rf.5ca20b3c7e2e0cad9945f6943f2f0de4.jpg,640,640,burned-skin,552,313,621,402
burned-skin_43_png.rf.5ca20b3c7e2e0cad9945f6943f2f0de4.jpg,640,640,burned-skin,311,15,541,289
burned-skin_43_png.rf.5ca20b3c7e2e0cad9945f6943f2f0de4.jpg,640,640,burned-skin,550,124,622,246
burned-skin_72_jpeg.rf.5fa4d926d61fcc5d94cd8710c3b13ddb.jpg,640,640,burned-skin,205,51,361,271
burned-skin_72_jpeg.rf.5fa4d926d61fcc5d94cd8710c3b13ddb.jpg,640,640,burned-skin,264,303,501,640
acne-prone-skin_115_jpeg.rf.4b732f34e0619af652f7d7d5f1ee49c5.jpg,640,640,acne-prone-skin,183,51,437,378
acne-prone-skin_170_jpeg.rf.5b86e73fac7eb6fa6ec78f98995be38b.jpg,640,640,acne-prone-skin,572,200,638,347
acne-prone-skin_170_jpeg.rf.5b86e73fac7eb6fa6ec78f98995be38b.jpg,640,640,acne-prone-skin,195,245,523,410
acne-prone-skin_170_jpeg.rf.5b86e73fac7eb6fa6ec78f98995be38b.jpg,640,640,acne-prone-skin,360,200,474,234
dry-skin_19_jpeg.rf.649405008b5d783d71d764ee0725fa4d.jpg,640,640,dry-skin,277,116,499,298
dry-skin_118_jpeg.rf.675e4b0addd81b57e014cde579ffa836.jpg,640,640,dry-skin,382,342,528,554
dry-skin_118_jpeg.rf.675e4b0addd81b57e014cde579ffa836.jpg,640,640,dry-skin,173,267,282,335
dry-skin_118_jpeg.rf.675e4b0addd81b57e014cde579ffa836.jpg,640,640,dry-skin,145,349,309,563
dry-skin_118_jpeg.rf.675e4b0addd81b57e014cde579ffa836.jpg,640,640,dry-skin,7,287,78,518
acne-prone-skin_116_jpeg.rf.69bfbf05a2600e3e49dc8d41774a9e2d.jpg,640,640,acne-prone-skin,227,237,621,640
burned-skin_82_jpeg.rf.69d9eb9226e03d301799ab0e6d87f065.jpg,640,640,burned-skin,72,161,241,418
burned-skin_82_jpeg.rf.69d9eb9226e03d301799ab0e6d87f065.jpg,640,640,burned-skin,296,130,449,481
burned-skin_82_jpeg.rf.69d9eb9226e03d301799ab0e6d87f065.jpg,640,640,burned-skin,487,254,631,477
acne-prone-skin_170_jpeg.rf.666bac905b2ef6e2a714143af8b2a190.jpg,640,640,acne-prone-skin,200,2,347,68
acne-prone-skin_170_jpeg.rf.666bac905b2ef6e2a714143af8b2a190.jpg,640,640,acne-prone-skin,245,117,410,445
acne-prone-skin_170_jpeg.rf.666bac905b2ef6e2a714143af8b2a190.jpg,640,640,acne-prone-skin,200,166,234,280
oily-skin_110_jpeg.rf.5198d393d0da672c54df7de797945b17.jpg,640,640,oily-skin,4,423,580,640
oily-skin_110_jpeg.rf.5198d393d0da672c54df7de797945b17.jpg,640,640,oily-skin,0,6,626,165
oily-skin_110_jpeg.rf.5198d393d0da672c54df7de797945b17.jpg,640,640,oily-skin,0,179,147,421
oily-skin_110_jpeg.rf.5198d393d0da672c54df7de797945b17.jpg,640,640,oily-skin,283,225,614,393
oily-skin_6_jpeg.rf.6bc117d7bfb571bd1e4a302d074af57f.jpg,640,640,oily-skin,316,275,384,453
oily-skin_6_jpeg.rf.6bc117d7bfb571bd1e4a302d074af57f.jpg,640,640,oily-skin,208,172,250,397
oily-skin_6_jpeg.rf.6bc117d7bfb571bd1e4a302d074af57f.jpg,640,640,oily-skin,297,183,386,227
acne-prone-skin_160_jpeg.rf.6abc9435afbc4039c34b4ca4e8c7cfd7.jpg,640,640,acne-prone-skin,253,538,436,571
acne-prone-skin_160_jpeg.rf.6abc9435afbc4039c34b4ca4e8c7cfd7.jpg,640,640,acne-prone-skin,110,462,283,559
acne-prone-skin_160_jpeg.rf.6abc9435afbc4039c34b4ca4e8c7cfd7.jpg,640,640,acne-prone-skin,198,410,473,494
acne-prone-skin_135_jpeg.rf.69f28b421115beca9368a4fb71aaf7a5.jpg,640,640,acne-prone-skin,249,30,348,401
burned-skin_7_png.rf.6e29ad503370f9748c33d9d5b281d9a8.jpg,640,640,burned-skin,259,168,598,640
burned-skin_7_png.rf.6e29ad503370f9748c33d9d5b281d9a8.jpg,640,640,burned-skin,62,37,253,105
oily-skin_22_jpeg.rf.6cf606e9582dd37f18e04bce3bc7c9a1.jpg,640,640,acne-prone-skin,237,166,499,537
oily-skin_22_jpeg.rf.6cf606e9582dd37f18e04bce3bc7c9a1.jpg,640,640,oily-skin,153,168,265,443
oily-skin_58_jpeg.rf.6153a2d0b1bde183a5767733da76667b.jpg,640,640,oily-skin,130,277,215,385
burned-skin_14_jpeg.rf.6ef654a835171e49edfc5b25add6aab8.jpg,640,640,burned-skin,9,0,607,603
burned-skin_3_jpeg.rf.6187580fe4aacfc65ff56e1adcda3b53.jpg,640,640,burned-skin,0,60,625,537
burned-skin_21_jpeg.rf.7260b6e54231af9f97bab2a942ed8f63.jpg,640,640,burned-skin,121,264,387,450
burned-skin_21_jpeg.rf.7260b6e54231af9f97bab2a942ed8f63.jpg,640,640,burned-skin,187,131,239,190
burned-skin_72_jpeg.rf.6f9f4b529d4fea7a18b132405d61be05.jpg,640,640,burned-skin,369,279,589,435
burned-skin_72_jpeg.rf.6f9f4b529d4fea7a18b132405d61be05.jpg,640,640,burned-skin,0,139,337,376
acne-prone-skin_189_jpeg.rf.762d77755bac688d7050953356af96d2.jpg,640,640,acne-prone-skin,533,3,637,400
burned-skin_18_jpeg.rf.74f22143be893ac41f60f06ee2a7b6d7.jpg,640,640,burned-skin,434,108,538,218
burned-skin_18_jpeg.rf.74f22143be893ac41f60f06ee2a7b6d7.jpg,640,640,burned-skin,270,187,398,221
burned-skin_18_jpeg.rf.74f22143be893ac41f60f06ee2a7b6d7.jpg,640,640,burned-skin,259,100,403,134
burned-skin_18_jpeg.rf.74f22143be893ac41f60f06ee2a7b6d7.jpg,640,640,burned-skin,336,142,413,181
burned-skin_18_jpeg.rf.74f22143be893ac41f60f06ee2a7b6d7.jpg,640,640,burned-skin,210,137,323,183
burned-skin_18_jpeg.rf.74f22143be893ac41f60f06ee2a7b6d7.jpg,640,640,burned-skin,36,112,218,209
burned-skin_18_jpeg.rf.74f22143be893ac41f60f06ee2a7b6d7.jpg,640,640,burned-skin,21,4,137,65
dry-skin_36_jpeg.rf.78693c46fc86d3f32ea20284b933f223.jpg,640,640,dry-skin,132,40,402,479
dry-skin_10_jpeg.rf.7870ad93121e22c78c26f154ce3bf4de.jpg,640,640,dry-skin,0,0,640,640
burned-skin_43_png.rf.7b038dee5998c399728a974a85922723.jpg,640,640,burned-skin,97,15,154,133
burned-skin_43_png.rf.7b038dee5998c399728a974a85922723.jpg,640,640,burned-skin,165,71,239,225
burned-skin_43_png.rf.7b038dee5998c399728a974a85922723.jpg,640,640,burned-skin,25,187,163,291
burned-skin_43_png.rf.7b038dee5998c399728a974a85922723.jpg,640,640,burned-skin,23,362,97,505
burned-skin_43_png.rf.7b038dee5998c399728a974a85922723.jpg,640,640,burned-skin,109,334,181,402
burned-skin_43_png.rf.7b038dee5998c399728a974a85922723.jpg,640,640,burned-skin,73,502,235,598
burned-skin_43_png.rf.7b038dee5998c399728a974a85922723.jpg,640,640,burned-skin,361,317,541,602
burned-skin_43_png.rf.7b038dee5998c399728a974a85922723.jpg,640,640,burned-skin,555,515,608,604
burned-skin_43_png.rf.7b038dee5998c399728a974a85922723.jpg,640,640,burned-skin,552,313,621,402
burned-skin_43_png.rf.7b038dee5998c399728a974a85922723.jpg,640,640,burned-skin,311,15,541,288
burned-skin_43_png.rf.7b038dee5998c399728a974a85922723.jpg,640,640,burned-skin,549,124,622,246
acne-prone-skin_10_jpeg.rf.78c03af3b0e1b28d525e5bbe6dc9932e.jpg,640,640,acne-prone-skin,11,152,510,336
acne-prone-skin_10_jpeg.rf.78c03af3b0e1b28d525e5bbe6dc9932e.jpg,640,640,oily-skin,165,256,257,377
burned-skin_18_jpeg.rf.78e6b70386da6fd8c14fc659ba89a212.jpg,640,640,burned-skin,108,103,218,207
burned-skin_18_jpeg.rf.78e6b70386da6fd8c14fc659ba89a212.jpg,640,640,burned-skin,187,242,221,370
burned-skin_18_jpeg.rf.78e6b70386da6fd8c14fc659ba89a212.jpg,640,640,burned-skin,99,237,134,381
burned-skin_18_jpeg.rf.78e6b70386da6fd8c14fc659ba89a212.jpg,640,640,burned-skin,142,227,181,304
burned-skin_18_jpeg.rf.78e6b70386da6fd8c14fc659ba89a212.jpg,640,640,burned-skin,137,318,182,431
burned-skin_18_jpeg.rf.78e6b70386da6fd8c14fc659ba89a212.jpg,640,640,burned-skin,112,423,209,605
burned-skin_18_jpeg.rf.78e6b70386da6fd8c14fc659ba89a212.jpg,640,640,burned-skin,4,503,65,620
acne-prone-skin_198_jpeg.rf.7dd4447d1cd3a450c8e0cb7ab336724d.jpg,640,640,acne-prone-skin,109,355,419,615
acne-prone-skin_198_jpeg.rf.7dd4447d1cd3a450c8e0cb7ab336724d.jpg,640,640,acne-prone-skin,417,469,485,608
acne-prone-skin_198_jpeg.rf.7dd4447d1cd3a450c8e0cb7ab336724d.jpg,640,640,acne-prone-skin,137,75,428,325
acne-prone-skin_198_jpeg.rf.7dd4447d1cd3a450c8e0cb7ab336724d.jpg,640,640,acne-prone-skin,459,116,539,207
acne-prone-skin_198_jpeg.rf.7dd4447d1cd3a450c8e0cb7ab336724d.jpg,640,640,acne-prone-skin,455,314,513,350
acne-prone-skin_123_png.rf.7e5e3fcb55106d73099945020419414a.jpg,640,640,acne-prone-skin,245,298,381,348
acne-prone-skin_123_png.rf.7e5e3fcb55106d73099945020419414a.jpg,640,640,acne-prone-skin,335,211,438,247
acne-prone-skin_123_png.rf.7e5e3fcb55106d73099945020419414a.jpg,640,640,acne-prone-skin,473,248,571,385
acne-prone-skin_123_png.rf.7e5e3fcb55106d73099945020419414a.jpg,640,640,acne-prone-skin,229,244,298,296
burned-skin_38_jpeg.rf.7c344134a6ae3c17199ae5ab0cd084bb.jpg,640,640,burned-skin,363,221,555,439
burned-skin_32_jpeg.rf.7b6a154699c4cf1e7c3ecb7efa044f23.jpg,640,640,burned-skin,199,359,528,450
burned-skin_48_jpeg.rf.7eed2448395866ff465329079debe2c7.jpg,640,640,burned-skin,4,0,638,587
acne-prone-skin_180_jpeg.rf.828c49a78671422f8077b088eccba23a.jpg,640,640,acne-prone-skin,115,268,405,400
acne-prone-skin_170_jpeg.rf.82086be3ebdac14a560fb8b56df9881e.jpg,640,640,acne-prone-skin,293,2,440,68
acne-prone-skin_170_jpeg.rf.82086be3ebdac14a560fb8b56df9881e.jpg,640,640,acne-prone-skin,230,117,395,445
acne-prone-skin_170_jpeg.rf.82086be3ebdac14a560fb8b56df9881e.jpg,640,640,acne-prone-skin,406,166,440,280
dry-skin_13_jpeg.rf.804c2d0602417a904259243f656b7276.jpg,640,640,dry-skin,0,0,640,640
burned-skin_35_jpeg.rf.7f521a2dbd04bfc3d67b02a66802ed40.jpg,640,640,burned-skin,329,193,539,380
burned-skin_35_jpeg.rf.7f521a2dbd04bfc3d67b02a66802ed40.jpg,640,640,burned-skin,257,349,396,481
burned-skin_35_jpeg.rf.7f521a2dbd04bfc3d67b02a66802ed40.jpg,640,640,burned-skin,273,482,369,565
oily-skin_58_jpeg.rf.84cbc86767a5b68146c5bcb80ecd1fa9.jpg,640,640,oily-skin,425,277,510,385
oily-skin_10_jpeg.rf.871939d5ccb3ac388f6eefc8af7a357c.jpg,640,640,oily-skin,338,104,436,246
dry-skin_10_jpeg.rf.84f3b00a62c5543763267104f811ff04.jpg,640,640,dry-skin,0,0,640,640
oily-skin_125_jpeg.rf.83053147f451510dd0223bee0adaca0d.jpg,640,640,oily-skin,9,343,227,483
oily-skin_125_jpeg.rf.83053147f451510dd0223bee0adaca0d.jpg,640,640,oily-skin,293,111,599,334
oily-skin_125_jpeg.rf.83053147f451510dd0223bee0adaca0d.jpg,640,640,oily-skin,369,524,633,640
burned-skin_73_jpeg.rf.84a74effbdacbea7602bf1b6a33bd082.jpg,640,640,burned-skin,16,46,468,601
burned-skin_17_jpeg.rf.87347906aea84ddc19ce43bb93ee0116.jpg,640,640,burned-skin,178,327,627,640
acne-prone-skin_137_jpeg.rf.89a340680ca4c5d6e1b23302c6d6957e.jpg,640,640,acne-prone-skin,225,234,339,412
acne-prone-skin_137_jpeg.rf.89a340680ca4c5d6e1b23302c6d6957e.jpg,640,640,acne-prone-skin,310,143,598,264
acne-prone-skin_137_jpeg.rf.89a340680ca4c5d6e1b23302c6d6957e.jpg,640,640,acne-prone-skin,323,414,590,521
acne-prone-skin_137_jpeg.rf.89a340680ca4c5d6e1b23302c6d6957e.jpg,640,640,dry-skin,513,152,620,272
acne-prone-skin_137_jpeg.rf.89a340680ca4c5d6e1b23302c6d6957e.jpg,640,640,dry-skin,470,402,554,459
acne-prone-skin_155_jpeg.rf.88f9e3916ab2f2daa273d81b5e8c4d05.jpg,640,640,oily-skin,29,176,598,425
acne-prone-skin_12_jpeg.rf.83612ef7e7503a2d50e55488df1f3f75.jpg,640,640,acne-prone-skin,335,232,438,381
oily-skin_91_jpeg.rf.8c16eda49bfac061efbc5a4cd5f814b2.jpg,640,640,oily-skin,289,147,638,462
burned-skin_6_jpeg.rf.8d32ae394b29fcb78e4f84426d5ae633.jpg,640,640,burned-skin,147,156,517,531
acne-prone-skin_169_jpeg.rf.8946f0609d4a99644e993c9698f29e8a.jpg,640,640,acne-prone-skin,164,51,315,618
acne-prone-skin_169_jpeg.rf.8946f0609d4a99644e993c9698f29e8a.jpg,640,640,acne-prone-skin,446,36,590,535
acne-prone-skin_165_jpeg.rf.909766fc961bb15d8fe9206c86355aa6.jpg,640,640,acne-prone-skin,257,513,394,548
acne-prone-skin_165_jpeg.rf.909766fc961bb15d8fe9206c86355aa6.jpg,640,640,acne-prone-skin,157,440,222,522
acne-prone-skin_165_jpeg.rf.909766fc961bb15d8fe9206c86355aa6.jpg,640,640,acne-prone-skin,503,401,570,539
acne-prone-skin_165_jpeg.rf.909766fc961bb15d8fe9206c86355aa6.jpg,640,640,acne-prone-skin,211,319,434,437
acne-prone-skin_165_jpeg.rf.909766fc961bb15d8fe9206c86355aa6.jpg,640,640,acne-prone-skin,168,399,209,412
burned-skin_56_jpeg.rf.92528e9fb1bb0e282b24042b3cbaf522.jpg,640,640,burned-skin,465,140,549,301
burned-skin_56_jpeg.rf.92528e9fb1bb0e282b24042b3cbaf522.jpg,640,640,burned-skin,185,268,265,455
burned-skin_56_jpeg.rf.92528e9fb1bb0e282b24042b3cbaf522.jpg,640,640,burned-skin,41,0,354,577
burned-skin_55_png.rf.92f4705dac7f81da438fe3a1642016cc.jpg,640,640,burned-skin,399,169,534,365
burned-skin_20_jpeg.rf.917479d299e3f75352438b8f34e94c25.jpg,640,640,burned-skin,84,22,602,634
burned-skin_34_jpeg.rf.9442f29b342c322222b8fc770dfa0fa1.jpg,640,640,burned-skin,197,179,336,463
burned-skin_43_png.rf.953b666f1ac30d481c04d46f518d235c.jpg,640,640,burned-skin,486,15,544,133
burned-skin_43_png.rf.953b666f1ac30d481c04d46f518d235c.jpg,640,640,burned-skin,401,71,475,225
burned-skin_43_png.rf.953b666f1ac30d481c04d46f518d235c.jpg,640,640,burned-skin,477,187,615,291
burned-skin_43_png.rf.953b666f1ac30d481c04d46f518d235c.jpg,640,640,burned-skin,543,362,617,505
burned-skin_43_png.rf.953b666f1ac30d481c04d46f518d235c.jpg,640,640,burned-skin,459,334,531,402
burned-skin_43_png.rf.953b666f1ac30d481c04d46f518d235c.jpg,640,640,burned-skin,405,502,567,598
burned-skin_43_png.rf.953b666f1ac30d481c04d46f518d235c.jpg,640,640,burned-skin,99,317,279,603
burned-skin_43_png.rf.953b666f1ac30d481c04d46f518d235c.jpg,640,640,burned-skin,33,516,86,604
burned-skin_43_png.rf.953b666f1ac30d481c04d46f518d235c.jpg,640,640,burned-skin,19,313,88,402
burned-skin_43_png.rf.953b666f1ac30d481c04d46f518d235c.jpg,640,640,burned-skin,99,15,329,289
burned-skin_43_png.rf.953b666f1ac30d481c04d46f518d235c.jpg,640,640,burned-skin,19,124,91,246
dry-skin_19_jpeg.rf.971e964ad60603eeeb8fbfa308968f2d.jpg,640,640,dry-skin,277,116,499,298
oily-skin_197_jpeg.rf.9926def5fb46ea126f497e34fc9dbdf9.jpg,640,640,oily-skin,0,26,140,268
oily-skin_197_jpeg.rf.9926def5fb46ea126f497e34fc9dbdf9.jpg,640,640,acne-prone-skin,157,50,269,364
oily-skin_197_jpeg.rf.9926def5fb46ea126f497e34fc9dbdf9.jpg,640,640,acne-prone-skin,53,244,145,476
oily-skin_197_jpeg.rf.9926def5fb46ea126f497e34fc9dbdf9.jpg,640,640,acne-prone-skin,314,16,638,559
oily-skin_5_jpeg.rf.9b6931fd8f84f0f98d0039d539990137.jpg,640,640,oily-skin,61,13,630,639
oily-skin_5_jpeg.rf.9b6931fd8f84f0f98d0039d539990137.jpg,640,640,acne-prone-skin,274,298,534,459
oily-skin_125_jpeg.rf.9c4d7a38916733d1feb0407a4bb94b31.jpg,640,640,oily-skin,158,9,297,227
oily-skin_125_jpeg.rf.9c4d7a38916733d1feb0407a4bb94b31.jpg,640,640,oily-skin,306,293,529,599
oily-skin_125_jpeg.rf.9c4d7a38916733d1feb0407a4bb94b31.jpg,640,640,oily-skin,0,369,116,633
acne-prone-skin_160_jpeg.rf.9a2b7b4b09936f67cd86f1a2f228d08c.jpg,640,640,acne-prone-skin,69,204,102,387
acne-prone-skin_160_jpeg.rf.9a2b7b4b09936f67cd86f1a2f228d08c.jpg,640,640,acne-prone-skin,81,357,178,530
acne-prone-skin_160_jpeg.rf.9a2b7b4b09936f67cd86f1a2f228d08c.jpg,640,640,acne-prone-skin,146,167,230,442
acne-prone-skin_12_jpeg.rf.973db266c2bde379f963c1c477c1ad13.jpg,640,640,acne-prone-skin,232,203,382,306
burned-skin_30_jpeg.rf.9e7683e59c4f5240c91fc85057287751.jpg,640,640,burned-skin,90,7,341,272
burned-skin_30_jpeg.rf.9e7683e59c4f5240c91fc85057287751.jpg,640,640,burned-skin,307,456,388,602
acne-prone-skin_184_jpeg.rf.9bdbeb00c65113a23fd4cdadbaa4ef95.jpg,640,640,acne-prone-skin,169,173,223,331
acne-prone-skin_184_jpeg.rf.9bdbeb00c65113a23fd4cdadbaa4ef95.jpg,640,640,oily-skin,245,244,340,386
burned-skin_47_jpeg.rf.a1cd591f7d3008d3ccf3b4b6f7fd20d4.jpg,640,640,burned-skin,412,151,487,362
burned-skin_47_jpeg.rf.a1cd591f7d3008d3ccf3b4b6f7fd20d4.jpg,640,640,burned-skin,293,187,372,481
burned-skin_47_jpeg.rf.a1cd591f7d3008d3ccf3b4b6f7fd20d4.jpg,640,640,burned-skin,30,380,288,535
burned-skin_47_jpeg.rf.a1cd591f7d3008d3ccf3b4b6f7fd20d4.jpg,640,640,burned-skin,16,199,114,349
burned-skin_47_jpeg.rf.a1cd591f7d3008d3ccf3b4b6f7fd20d4.jpg,640,640,burned-skin,120,248,277,367
burned-skin_47_jpeg.rf.a1cd591f7d3008d3ccf3b4b6f7fd20d4.jpg,640,640,burned-skin,223,114,284,230
burned-skin_47_jpeg.rf.a1cd591f7d3008d3ccf3b4b6f7fd20d4.jpg,640,640,burned-skin,401,533,467,640
burned-skin_47_jpeg.rf.a1cd591f7d3008d3ccf3b4b6f7fd20d4.jpg,640,640,burned-skin,244,571,328,637
acne-prone-skin_3_jpeg.rf.a10afa2a2c34ec9f95d1077370bb3df9.jpg,640,640,acne-prone-skin,321,73,475,439
burned-skin_62_jpeg.rf.9f376bbb6079b5987f4015ff7455b65b.jpg,640,640,burned-skin,178,58,621,298
burned-skin_50_jpeg.rf.a253d9119a82c88875240d4d6b9c32c7.jpg,640,640,burned-skin,201,272,621,635
burned-skin_50_jpeg.rf.a253d9119a82c88875240d4d6b9c32c7.jpg,640,640,burned-skin,0,111,453,640
burned-skin_21_jpeg.rf.a2360f914c7a4573673011a6b2db9b7d.jpg,640,640,burned-skin,253,264,519,450
burned-skin_21_jpeg.rf.a2360f914c7a4573673011a6b2db9b7d.jpg,640,640,burned-skin,402,131,453,190
burned-skin_10_jpeg.rf.a3fdca825731a859ce9cfe3e7d7f759b.jpg,640,640,burned-skin,181,174,588,516
acne-prone-skin_180_jpeg.rf.a649b6727d69ccbf27e8bd57c6b8cdba.jpg,640,640,acne-prone-skin,235,268,526,400
burned-skin_17_jpeg.rf.a641b7946af0cdb26f05be3a0f341af8.jpg,640,640,burned-skin,178,0,627,313
burned-skin_25_jpeg.rf.a84ce80e789d22baecd74af5247d7b82.jpg,640,640,burned-skin,181,46,634,188
burned-skin_25_jpeg.rf.a84ce80e789d22baecd74af5247d7b82.jpg,640,640,burned-skin,211,412,322,468
dry-skin_32_jpeg.rf.a45fc38035ac14af137a0889d6bacca9.jpg,640,640,dry-skin,1,262,315,405
dry-skin_32_jpeg.rf.a45fc38035ac14af137a0889d6bacca9.jpg,640,640,dry-skin,320,335,627,428
dry-skin_32_jpeg.rf.a45fc38035ac14af137a0889d6bacca9.jpg,640,640,dry-skin,198,25,322,81
burned-skin_17_jpeg.rf.a7733cfeace8c3e64474720a936fbf14.jpg,640,640,burned-skin,327,178,640,627
dry-skin_25_jpeg.rf.acceedbb07469451665fec718acdfde6.jpg,640,640,dry-skin,0,0,640,640
acne-prone-skin_180_jpeg.rf.a9222d33f10e67d98c8fc4ddaf1dbec3.jpg,640,640,acne-prone-skin,240,236,372,526
acne-prone-skin_160_jpeg.rf.ad4711ca5aafb77dd25f1d80ffc622d4.jpg,640,640,acne-prone-skin,204,69,387,102
acne-prone-skin_160_jpeg.rf.ad4711ca5aafb77dd25f1d80ffc622d4.jpg,640,640,acne-prone-skin,357,81,530,178
acne-prone-skin_160_jpeg.rf.ad4711ca5aafb77dd25f1d80ffc622d4.jpg,640,640,acne-prone-skin,167,146,442,230
burned-skin_38_jpeg.rf.ae21c279b721f71350637b3a1af2d8f4.jpg,640,640,burned-skin,201,85,419,277
oily-skin_187_jpeg.rf.b2c885f1d7fc53561f8c6dd040b9b760.jpg,640,640,oily-skin,295,282,445,404
oily-skin_187_jpeg.rf.b2c885f1d7fc53561f8c6dd040b9b760.jpg,640,640,oily-skin,101,326,255,396
oily-skin_187_jpeg.rf.b2c885f1d7fc53561f8c6dd040b9b760.jpg,640,640,oily-skin,240,199,377,265
oily-skin_187_jpeg.rf.b2c885f1d7fc53561f8c6dd040b9b760.jpg,640,640,oily-skin,434,180,524,204
burned-skin_35_jpeg.rf.b2a6f781ae00d7dd1830523e2cd3be91.jpg,640,640,burned-skin,260,101,447,311
burned-skin_35_jpeg.rf.b2a6f781ae00d7dd1830523e2cd3be91.jpg,640,640,burned-skin,159,244,291,383
burned-skin_35_jpeg.rf.b2a6f781ae00d7dd1830523e2cd3be91.jpg,640,640,burned-skin,75,271,158,367
oily-skin_91_jpeg.rf.b38d356d439b7b0e12fde0a8e8496a00.jpg,640,640,oily-skin,147,289,462,638
burned-skin_61_jpeg.rf.b5b63ec0c68965c3da069b5ee0f865a0.jpg,640,640,burned-skin,35,130,640,550
oily-skin_5_jpeg.rf.b34bdcf2b1efbc7cf744c96e7a921827.jpg,640,640,oily-skin,1,10,627,579
oily-skin_5_jpeg.rf.b34bdcf2b1efbc7cf744c96e7a921827.jpg,640,640,acne-prone-skin,181,107,342,367
burned-skin_58_jpeg.rf.afa9753d1c96616a753ba5c184c36faf.jpg,640,640,burned-skin,274,273,397,505
acne-prone-skin_169_jpeg.rf.b3bfc76a3eb76a18793eed36e4505483.jpg,640,640,acne-prone-skin,164,51,315,618
acne-prone-skin_169_jpeg.rf.b3bfc76a3eb76a18793eed36e4505483.jpg,640,640,acne-prone-skin,446,36,590,535
acne-prone-skin_184_jpeg.rf.b4b4455698900febcb7fb84f02e49fe7.jpg,640,640,acne-prone-skin,418,173,472,331
acne-prone-skin_184_jpeg.rf.b4b4455698900febcb7fb84f02e49fe7.jpg,640,640,oily-skin,300,244,395,386
burned-skin_57_jpeg.rf.adf3163b41c098b7028635310c16a74d.jpg,640,640,burned-skin,84,0,356,361
burned-skin_57_jpeg.rf.adf3163b41c098b7028635310c16a74d.jpg,640,640,burned-skin,357,376,402,537
burned-skin_7_png.rf.b5e93eebf59f0688c6a76d41c0599123.jpg,640,640,burned-skin,0,259,472,598
burned-skin_7_png.rf.b5e93eebf59f0688c6a76d41c0599123.jpg,640,640,burned-skin,535,62,603,254
dry-skin_25_jpeg.rf.b5f9a9bbf674663b5cab3d4fec975b5d.jpg,640,640,dry-skin,0,0,640,640
burned-skin_56_jpeg.rf.b839f2915a1248b58a4244391ea7e05e.jpg,640,640,burned-skin,91,140,175,301
burned-skin_56_jpeg.rf.b839f2915a1248b58a4244391ea7e05e.jpg,640,640,burned-skin,376,268,455,455
burned-skin_56_jpeg.rf.b839f2915a1248b58a4244391ea7e05e.jpg,640,640,burned-skin,286,0,599,577
acne-prone-skin_115_jpeg.rf.bd38f209d05c5d7246dfb9146a474b55.jpg,640,640,acne-prone-skin,203,51,457,378
acne-prone-skin_175_jpeg.rf.bad244a5ce4e8f1edc34aa46b77d71db.jpg,640,640,acne-prone-skin,120,8,480,640
oily-skin_5_jpeg.rf.c08d6f0dcda15802dacd0a2b6ce3393f.jpg,640,640,oily-skin,13,10,639,579
oily-skin_5_jpeg.rf.c08d6f0dcda15802dacd0a2b6ce3393f.jpg,640,640,acne-prone-skin,298,107,459,367
acne-prone-skin_3_jpeg.rf.c037fa7ec3f82e2dce25cf4835c4928f.jpg,640,640,acne-prone-skin,321,73,474,439
acne-prone-skin_148_jpeg.rf.bbbcab874022df39a9054a8027acf075.jpg,640,640,acne-prone-skin,158,188,292,268
acne-prone-skin_148_jpeg.rf.bbbcab874022df39a9054a8027acf075.jpg,640,640,acne-prone-skin,366,258,450,314
dry-skin_61_jpeg.rf.bd91cfcfdadb21098576a350ef43aa20.jpg,640,640,dry-skin,53,2,576,636
burned-skin_32_jpeg.rf.c14e20538cbf88a69113ddcee9797393.jpg,640,640,burned-skin,112,359,441,450
acne-prone-skin_169_jpeg.rf.c2498399a7c3f3a82f471b800024ce47.jpg,640,640,acne-prone-skin,22,325,589,476
acne-prone-skin_169_jpeg.rf.c2498399a7c3f3a82f471b800024ce47.jpg,640,640,acne-prone-skin,105,50,604,194
burned-skin_47_jpeg.rf.bd7535ab75a1d6e3f52aab3d5fa0d778.jpg,640,640,burned-skin,278,413,489,487
burned-skin_47_jpeg.rf.bd7535ab75a1d6e3f52aab3d5fa0d778.jpg,640,640,burned-skin,159,293,453,373
burned-skin_47_jpeg.rf.bd7535ab75a1d6e3f52aab3d5fa0d778.jpg,640,640,burned-skin,106,30,260,288
burned-skin_47_jpeg.rf.bd7535ab75a1d6e3f52aab3d5fa0d778.jpg,640,640,burned-skin,292,16,442,114
burned-skin_47_jpeg.rf.bd7535ab75a1d6e3f52aab3d5fa0d778.jpg,640,640,burned-skin,273,120,393,277
burned-skin_47_jpeg.rf.bd7535ab75a1d6e3f52aab3d5fa0d778.jpg,640,640,burned-skin,410,223,526,284
burned-skin_47_jpeg.rf.bd7535ab75a1d6e3f52aab3d5fa0d778.jpg,640,640,burned-skin,1,401,108,467
burned-skin_47_jpeg.rf.bd7535ab75a1d6e3f52aab3d5fa0d778.jpg,640,640,burned-skin,4,244,70,328
burned-skin_34_jpeg.rf.c0ff0198cb9396d488968da335fe3147.jpg,640,640,burned-skin,305,179,444,463
burned-skin_50_jpeg.rf.c65929e40c77ffb156fbdc40210862b2.jpg,640,640,burned-skin,5,201,368,621
burned-skin_50_jpeg.rf.c65929e40c77ffb156fbdc40210862b2.jpg,640,640,burned-skin,0,0,529,453
dry-skin_61_jpeg.rf.c7ce3180734dd15a7dc61eaa20d3f554.jpg,640,640,dry-skin,4,64,638,587
acne-prone-skin_175_jpeg.rf.c4e6fb9edccdfb6994e269cdf6bc5c3e.jpg,640,640,acne-prone-skin,8,160,640,520
oily-skin_91_jpeg.rf.c755e67d59a2f5f49b16d238b06be0b5.jpg,640,640,oily-skin,2,147,351,462
oily-skin_110_jpeg.rf.c9ea83e55e14560e17d8cb74bc5768d8.jpg,640,640,oily-skin,423,61,640,637
oily-skin_110_jpeg.rf.c9ea83e55e14560e17d8cb74bc5768d8.jpg,640,640,oily-skin,6,14,165,640
oily-skin_110_jpeg.rf.c9ea83e55e14560e17d8cb74bc5768d8.jpg,640,640,oily-skin,179,493,421,640
oily-skin_110_jpeg.rf.c9ea83e55e14560e17d8cb74bc5768d8.jpg,640,640,oily-skin,225,27,393,358
acne-prone-skin_148_jpeg.rf.cd0fd97dc7e38da961c04e91a6d2308c.jpg,640,640,acne-prone-skin,372,348,452,483
acne-prone-skin_148_jpeg.rf.cd0fd97dc7e38da961c04e91a6d2308c.jpg,640,640,acne-prone-skin,327,190,383,274
oily-skin_187_jpeg.rf.caf0ce18854b54e3ab4863bbc3693c9e.jpg,640,640,oily-skin,236,195,358,345
oily-skin_187_jpeg.rf.caf0ce18854b54e3ab4863bbc3693c9e.jpg,640,640,oily-skin,244,385,314,540
oily-skin_187_jpeg.rf.caf0ce18854b54e3ab4863bbc3693c9e.jpg,640,640,oily-skin,375,263,441,400
oily-skin_187_jpeg.rf.caf0ce18854b54e3ab4863bbc3693c9e.jpg,640,640,oily-skin,436,117,461,207
burned-skin_56_jpeg.rf.c87b983a450519fa8e0d5aa9532c262a.jpg,640,640,burned-skin,140,465,301,549
burned-skin_56_jpeg.rf.c87b983a450519fa8e0d5aa9532c262a.jpg,640,640,burned-skin,268,185,455,265
burned-skin_56_jpeg.rf.c87b983a450519fa8e0d5aa9532c262a.jpg,640,640,burned-skin,0,41,577,354
burned-skin_57_jpeg.rf.ca637f67a3eaa20d1d2ea4dabf3505ab.jpg,640,640,burned-skin,84,0,356,361
burned-skin_57_jpeg.rf.ca637f67a3eaa20d1d2ea4dabf3505ab.jpg,640,640,burned-skin,357,376,402,537
dry-skin_36_jpeg.rf.d1869468ef6155ff458ddf9172a853b4.jpg,640,640,dry-skin,162,132,601,402
burned-skin_30_jpeg.rf.cae18230a1216e22a42a93839ca73e92.jpg,640,640,burned-skin,369,91,634,341
burned-skin_30_jpeg.rf.cae18230a1216e22a42a93839ca73e92.jpg,640,640,burned-skin,39,307,185,388
burned-skin_7_png.rf.d237f19d154853033807b00b7c553085.jpg,640,640,burned-skin,168,259,640,598
burned-skin_7_png.rf.d237f19d154853033807b00b7c553085.jpg,640,640,burned-skin,37,62,105,254
burned-skin_3_jpeg.rf.d37d91fcfed3506c5b1813a47dda9b81.jpg,640,640,burned-skin,0,103,625,580
burned-skin_58_jpeg.rf.d7e112b163d2345f3179cddda492d3c2.jpg,640,640,burned-skin,273,243,505,366
burned-skin_6_jpeg.rf.d8422607a616f3f275b0c6a286885846.jpg,640,640,burned-skin,123,109,493,484
acne-prone-skin_120_jpeg.rf.d2e2e33c9772b21d2ba3513afd5d2f78.jpg,640,640,acne-prone-skin,125,18,369,233
acne-prone-skin_120_jpeg.rf.d2e2e33c9772b21d2ba3513afd5d2f78.jpg,640,640,acne-prone-skin,184,245,328,307
burned-skin_6_jpeg.rf.da75060691c892b61db16ca65a349854.jpg,640,640,burned-skin,109,147,484,517
dry-skin_116_jpeg.rf.d54da53cad748d530230b5e69d87ae55.jpg,640,640,dry-skin,4,0,640,640
burned-skin_30_jpeg.rf.ddc0e2c654a2ed3c21ee5accdea7364f.jpg,640,640,burned-skin,300,7,550,272
burned-skin_30_jpeg.rf.ddc0e2c654a2ed3c21ee5accdea7364f.jpg,640,640,burned-skin,253,456,334,602
burned-skin_64_jpeg.rf.da4b3e2e38b302f45a076e4e653833f8.jpg,640,640,burned-skin,228,122,425,539
burned-skin_61_jpeg.rf.de01ce5e74a831169411ada641ffc7ba.jpg,640,640,burned-skin,35,90,640,510
acne-prone-skin_123_png.rf.dca909388da5d4a6c03cc1fa8e2d16de.jpg,640,640,acne-prone-skin,245,292,381,342
acne-prone-skin_123_png.rf.dca909388da5d4a6c03cc1fa8e2d16de.jpg,640,640,acne-prone-skin,335,393,438,429
acne-prone-skin_123_png.rf.dca909388da5d4a6c03cc1fa8e2d16de.jpg,640,640,acne-prone-skin,473,255,571,392
acne-prone-skin_123_png.rf.dca909388da5d4a6c03cc1fa8e2d16de.jpg,640,640,acne-prone-skin,229,344,298,396
oily-skin_148_png.rf.def6bb226776fc28574cf89dfad6d0d3.jpg,640,640,oily-skin,152,0,281,241
oily-skin_148_png.rf.def6bb226776fc28574cf89dfad6d0d3.jpg,640,640,oily-skin,386,12,510,268
oily-skin_148_png.rf.def6bb226776fc28574cf89dfad6d0d3.jpg,640,640,oily-skin,232,342,413,454
acne-prone-skin_137_jpeg.rf.dbf851e67f95c8db8f3e29a487178ff2.jpg,640,640,acne-prone-skin,302,234,416,412
acne-prone-skin_137_jpeg.rf.dbf851e67f95c8db8f3e29a487178ff2.jpg,640,640,acne-prone-skin,42,143,330,264
acne-prone-skin_137_jpeg.rf.dbf851e67f95c8db8f3e29a487178ff2.jpg,640,640,acne-prone-skin,50,414,317,521
acne-prone-skin_137_jpeg.rf.dbf851e67f95c8db8f3e29a487178ff2.jpg,640,640,dry-skin,21,152,128,272
acne-prone-skin_137_jpeg.rf.dbf851e67f95c8db8f3e29a487178ff2.jpg,640,640,dry-skin,86,402,170,459
burned-skin_47_jpeg.rf.e2ce2084e590e3b291510aed388b6544.jpg,640,640,burned-skin,278,154,489,228
burned-skin_47_jpeg.rf.e2ce2084e590e3b291510aed388b6544.jpg,640,640,burned-skin,159,268,453,348
burned-skin_47_jpeg.rf.e2ce2084e590e3b291510aed388b6544.jpg,640,640,burned-skin,106,352,260,610
burned-skin_47_jpeg.rf.e2ce2084e590e3b291510aed388b6544.jpg,640,640,burned-skin,292,526,442,624
burned-skin_47_jpeg.rf.e2ce2084e590e3b291510aed388b6544.jpg,640,640,burned-skin,273,363,393,520
burned-skin_47_jpeg.rf.e2ce2084e590e3b291510aed388b6544.jpg,640,640,burned-skin,410,356,526,417
burned-skin_47_jpeg.rf.e2ce2084e590e3b291510aed388b6544.jpg,640,640,burned-skin,1,173,108,239
burned-skin_47_jpeg.rf.e2ce2084e590e3b291510aed388b6544.jpg,640,640,burned-skin,4,312,70,396
dry-skin_15_jpeg.rf.e02a3adef077d999afac8e2a340e87ac.jpg,640,640,dry-skin,439,6,524,112
dry-skin_15_jpeg.rf.e02a3adef077d999afac8e2a340e87ac.jpg,640,640,dry-skin,233,141,411,588
burned-skin_46_jpeg.rf.de882f8b1d2ce26034473aa108b1c89e.jpg,640,640,burned-skin,290,196,639,272
burned-skin_46_jpeg.rf.de882f8b1d2ce26034473aa108b1c89e.jpg,640,640,burned-skin,449,258,600,294
acne-prone-skin_10_jpeg.rf.e15809d5536e091a9cceecfaedd8a783.jpg,640,640,acne-prone-skin,304,11,488,510
acne-prone-skin_10_jpeg.rf.e15809d5536e091a9cceecfaedd8a783.jpg,640,640,oily-skin,263,165,384,257
burned-skin_57_jpeg.rf.e10208e6fe85e3784d14c7ee0d5b9df2.jpg,640,640,burned-skin,0,84,361,356
burned-skin_57_jpeg.rf.e10208e6fe85e3784d14c7ee0d5b9df2.jpg,640,640,burned-skin,376,357,537,402
acne-prone-skin_134_jpeg.rf.e2627d5e120b5316f3f211385eae7283.jpg,640,640,acne-prone-skin,235,10,444,443
oily-skin_10_jpeg.rf.e7db91c4989460c22a91320a069c08b1.jpg,640,640,oily-skin,338,104,436,245
burned-skin_25_jpeg.rf.e2ff064253064fa768ad537655a1869e.jpg,640,640,burned-skin,46,181,188,634
burned-skin_25_jpeg.rf.e2ff064253064fa768ad537655a1869e.jpg,640,640,burned-skin,412,211,468,322
dry-skin_118_jpeg.rf.eb15adcb38495d5b1bd927bef274b448.jpg,640,640,dry-skin,382,86,528,298
dry-skin_118_jpeg.rf.eb15adcb38495d5b1bd927bef274b448.jpg,640,640,dry-skin,173,306,282,374
dry-skin_118_jpeg.rf.eb15adcb38495d5b1bd927bef274b448.jpg,640,640,dry-skin,145,77,309,291
dry-skin_118_jpeg.rf.eb15adcb38495d5b1bd927bef274b448.jpg,640,640,dry-skin,7,123,78,354
acne-prone-skin_175_jpeg.rf.ef5a84a23e1ad80e69896e969df90ccf.jpg,640,640,acne-prone-skin,120,8,480,640
acne-prone-skin_137_jpeg.rf.ebe0917386a21b35e6a3b903914d60b1.jpg,640,640,acne-prone-skin,228,301,406,416
acne-prone-skin_137_jpeg.rf.ebe0917386a21b35e6a3b903914d60b1.jpg,640,640,acne-prone-skin,376,42,497,330
acne-prone-skin_137_jpeg.rf.ebe0917386a21b35e6a3b903914d60b1.jpg,640,640,acne-prone-skin,120,50,226,317
acne-prone-skin_137_jpeg.rf.ebe0917386a21b35e6a3b903914d60b1.jpg,640,640,dry-skin,369,21,489,128
acne-prone-skin_137_jpeg.rf.ebe0917386a21b35e6a3b903914d60b1.jpg,640,640,dry-skin,182,86,239,170
oily-skin_110_jpeg.rf.ebef25d61f0e1b0965e4d818b6fa01c7.jpg,640,640,oily-skin,423,61,640,637
oily-skin_110_jpeg.rf.ebef25d61f0e1b0965e4d818b6fa01c7.jpg,640,640,oily-skin,6,14,165,640
oily-skin_110_jpeg.rf.ebef25d61f0e1b0965e4d818b6fa01c7.jpg,640,640,oily-skin,179,493,421,640
oily-skin_110_jpeg.rf.ebef25d61f0e1b0965e4d818b6fa01c7.jpg,640,640,oily-skin,225,27,393,358
acne-prone-skin_198_jpeg.rf.f35059f6fa390bf47bccdc9579bd5231.jpg,640,640,acne-prone-skin,355,109,615,419
acne-prone-skin_198_jpeg.rf.f35059f6fa390bf47bccdc9579bd5231.jpg,640,640,acne-prone-skin,469,417,608,486
acne-prone-skin_198_jpeg.rf.f35059f6fa390bf47bccdc9579bd5231.jpg,640,640,acne-prone-skin,75,137,325,428
acne-prone-skin_198_jpeg.rf.f35059f6fa390bf47bccdc9579bd5231.jpg,640,640,acne-prone-skin,116,459,207,539
acne-prone-skin_198_jpeg.rf.f35059f6fa390bf47bccdc9579bd5231.jpg,640,640,acne-prone-skin,314,455,350,513
oily-skin_187_jpeg.rf.f0172771bb846cb20677bf1b2c7f41fc.jpg,640,640,oily-skin,195,282,345,404
oily-skin_187_jpeg.rf.f0172771bb846cb20677bf1b2c7f41fc.jpg,640,640,oily-skin,386,326,540,396
oily-skin_187_jpeg.rf.f0172771bb846cb20677bf1b2c7f41fc.jpg,640,640,oily-skin,263,199,400,265
oily-skin_187_jpeg.rf.f0172771bb846cb20677bf1b2c7f41fc.jpg,640,640,oily-skin,117,180,207,204
burned-skin_50_jpeg.rf.ee5959b979a32d4922c44c8721dec306.jpg,640,640,burned-skin,272,19,635,439
burned-skin_50_jpeg.rf.ee5959b979a32d4922c44c8721dec306.jpg,640,640,burned-skin,111,187,640,640
burned-skin_42_jpeg.rf.efe60852cb3b68a5b4f966b1249df024.jpg,640,640,burned-skin,120,320,436,449
burned-skin_55_png.rf.f4f327434dd36d038b226a38543c6e83.jpg,640,640,burned-skin,275,399,471,534
oily-skin_148_png.rf.f2de6d09b54f1d3ead60c6f082a973df.jpg,640,640,oily-skin,399,152,640,281
oily-skin_148_png.rf.f2de6d09b54f1d3ead60c6f082a973df.jpg,640,640,oily-skin,372,386,628,510
oily-skin_148_png.rf.f2de6d09b54f1d3ead60c6f082a973df.jpg,640,640,oily-skin,186,232,298,413
oily-skin_148_png.rf.f929bdd858789904f82122d1ecc13009.jpg,640,640,oily-skin,399,359,640,488
oily-skin_148_png.rf.f929bdd858789904f82122d1ecc13009.jpg,640,640,oily-skin,372,130,628,254
oily-skin_148_png.rf.f929bdd858789904f82122d1ecc13009.jpg,640,640,oily-skin,186,227,298,408
oily-skin_22_jpeg.rf.f7a3a70ed832f0794919a3b3e8f2ba85.jpg,640,640,acne-prone-skin,237,166,499,537
oily-skin_22_jpeg.rf.f7a3a70ed832f0794919a3b3e8f2ba85.jpg,640,640,oily-skin,153,168,265,443
acne-prone-skin_165_jpeg.rf.f9a9b202ce78272af2b372ef75ef0fc9.jpg,640,640,acne-prone-skin,513,246,548,383
acne-prone-skin_165_jpeg.rf.f9a9b202ce78272af2b372ef75ef0fc9.jpg,640,640,acne-prone-skin,440,418,522,483
acne-prone-skin_165_jpeg.rf.f9a9b202ce78272af2b372ef75ef0fc9.jpg,640,640,acne-prone-skin,401,70,539,137
acne-prone-skin_165_jpeg.rf.f9a9b202ce78272af2b372ef75ef0fc9.jpg,640,640,acne-prone-skin,319,206,437,429
acne-prone-skin_165_jpeg.rf.f9a9b202ce78272af2b372ef75ef0fc9.jpg,640,640,acne-prone-skin,399,431,412,472
acne-prone-skin_135_jpeg.rf.f7f43f686682fb11f699c95ca50d6b02.jpg,640,640,acne-prone-skin,249,30,348,401
acne-prone-skin_11_jpeg.rf.f6ccd409f4376b4a8fba4208b900fd42.jpg,640,640,acne-prone-skin,326,233,604,401
dry-skin_100_jpeg.rf.fce290739f1e47826df6393e74f02a41.jpg,640,640,dry-skin,141,160,482,510
dry-skin_118_jpeg.rf.fbe0fd127b2ce3561e967f219ebcd05a.jpg,640,640,dry-skin,86,112,298,258
dry-skin_118_jpeg.rf.fbe0fd127b2ce3561e967f219ebcd05a.jpg,640,640,dry-skin,305,359,374,468
dry-skin_118_jpeg.rf.fbe0fd127b2ce3561e967f219ebcd05a.jpg,640,640,dry-skin,77,332,291,496
dry-skin_118_jpeg.rf.fbe0fd127b2ce3561e967f219ebcd05a.jpg,640,640,dry-skin,123,563,354,634
oily-skin_4_jpeg.rf.fbdcd07636de7bddb3ea6ceb65a0286c.jpg,640,640,oily-skin,90,236,578,446
oily-skin_4_jpeg.rf.fbdcd07636de7bddb3ea6ceb65a0286c.jpg,640,640,oily-skin,34,8,604,76
oily-skin_4_jpeg.rf.fbdcd07636de7bddb3ea6ceb65a0286c.jpg,640,640,oily-skin,276,86,391,230
oily-skin_4_jpeg.rf.fbdcd07636de7bddb3ea6ceb65a0286c.jpg,640,640,oily-skin,131,522,235,640
oily-skin_4_jpeg.rf.fbdcd07636de7bddb3ea6ceb65a0286c.jpg,640,640,oily-skin,253,570,460,640
burned-skin_20_jpeg.rf.f7c1fee7dead6cc9960d9bb55a1f30cb.jpg,640,640,burned-skin,6,84,618,602
dry-skin_116_jpeg.rf.f06b0398cddd69f14c31135f6f113dfa.jpg,640,640,dry-skin,0,0,636,640
oily-skin_58_jpeg.rf.fc0b86911a6b88ff66814dbfd6b10a64.jpg,640,640,oily-skin,277,130,385,215
burned-skin_4_jpeg.rf.fd5f6bc1a5278e5177ddfe3469200087.jpg,640,640,burned-skin,244,134,393,584
oily-skin_10_jpeg.rf.ff32660d1a5b2f7e31a62f7d6a416274.jpg,640,640,oily-skin,395,205,537,303